id,team_number,project_key,name,active,created_at,updated_at,deactivated_at
6d71f39c-a579-4e5f-98b1-c1f04bb5cf8c,1,equipo-1-cinematch,Cinematch,t,2026-10-06T00:37:19.849516Z,2026-10-07T22:44:16.038048Z,
fe5d274d-d7c0-4c4a-a275-e8664dbb7237,2,equipo-2-zest,Zest,t,2026-10-06T00:37:19.849516Z,2026-10-07T22:44:16.040863Z,
e845b51a-0566-4478-a957-98fbd661cd87,3,equipo-3-planify,Planify,t,2026-10-06T00:37:19.849516Z,2026-10-07T22:44:16.040898Z,
6c1209e7-dd1a-4282-a91d-1951965fcd91,4,equipo-4-pitstop,PitStop,t,2026-10-06T00:37:19.849516Z,2026-10-07T22:44:16.040933Z,
42fef788-e3b6-49fa-b319-7d43e7c74ad3,5,equipo-5-watchparty,WatchParty,t,2026-10-06T00:37:19.849516Z,2026-10-07T22:44:16.040955Z,
31ece52f-3df7-49e3-ae8c-fc1a823cbd55,6,equipo-6-nutria,Nutria,t,2026-10-06T00:37:19.849516Z,2026-10-07T22:44:16.040975Z,
ccd56b86-640d-4f8f-8851-41cf1ea7e6bf,7,equipo-7-study-arena,Study Arena,t,2026-10-06T00:37:19.849516Z,2026-10-07T22:44:16.040996Z,
13aa97bf-8e8f-4df6-b1e9-4e0715ba4121,8,equipo-8-grade-m8,Grade-M8,t,2026-10-06T00:37:19.849516Z,2026-10-07T22:44:16.041048Z,
87f3ee44-dee1-4ee4-8fa8-922a00989c06,9,equipo-9-zervi,Zervi,t,2026-10-06T00:37:19.849516Z,2026-10-07T22:44:16.041069Z,
a798cf2a-0036-479e-8b05-9e1c4877b550,10,equipo-10-conexia,Conexia,t,2026-10-06T00:37:19.849516Z,2026-10-07T22:44:16.041088Z,
2e365115-25ee-464b-abee-0afeebfdfadf,11,equipo-11-sportmatch,Sportmatch,t,2026-10-06T00:37:19.849516Z,2026-10-07T22:44:16.041108Z,
ce77cd3c-f697-4860-9c53-49fa43a55e75,12,equipo-12-splitit,SplitIt,t,2026-10-06T00:37:19.849516Z,2026-10-07T22:44:16.041128Z,
26d3c9da-cd87-4ca4-930e-f0cf56796a6a,13,equipo-13-microchangas,MicroChangas,t,2026-10-06T00:37:19.849516Z,2026-10-07T22:44:16.041147Z,
d6d9072a-72fc-46f6-9a6d-bf8b407c0f83,14,equipo-14-vaiven,VaiVen,t,2026-10-06T00:37:19.849516Z,2026-10-07T22:44:16.041166Z,
a5afceb8-6219-4a4f-99aa-59c5414d49de,15,equipo-15-futtracker,FutTracker,t,2026-10-06T00:37:19.849516Z,2026-10-07T22:44:16.041186Z,
97aee61b-3d63-4db1-8467-c7f9f45cb53e,16,equipo-16-eureka,Eureka,t,2026-10-06T00:37:19.849516Z,2026-10-07T22:44:16.041205Z,
